LINK,NAME OF EVENT,DATE
https://www.mofad.org/calendar/kids-in-the-kitchen-cool-cooking-with-wylie-dufresne,Kids in the Kitchen: Cool Cooking with Wylie Dufresne,"Saturday, April 2, 2016"
https://www.mofad.org/calendar/the-art-of-umami-with-hiroko-shimbo,The Art of Umami with Hiroko Shimbo,"Thursday, April 7, 2016"
https://www.mofad.org/calendar/kids-in-the-kitchen-senegalese-cooking-with-pierre-thiam,Kids in the Kitchen: Senegalese Cooking with Pierre Thiam,"Saturday, April 16, 2016"
https://www.mofad.org/calendar/the-magic-of-spices-history-culture-cuisine-with-lior-lev-sercarz,"The Magic of Spices: History, Culture, Cuisine, with Lior Lev Sercarz","Thursday, April 21, 2016"
https://www.mofad.org/calendar/j-kenji-lpez-alt-the-food-lab-at-mofad-lab,J. Kenji López-Alt: The Food Lab at MOFAD Lab,"Friday, April 29, 2016"
https://www.mofad.org/calendar/caribbean-brooklyn-cuisine-and-culture,Caribbean Brooklyn: Cuisine and Culture,"Thursday, May 5, 2016"
https://www.mofad.org/calendar/mofad-spring-benefit-dinner,MOFAD Spring Benefit Dinner,"Thursday, May 12, 2016"
https://www.mofad.org/calendar/tracing-north-brooklyns-polish-food-heritage,Tracing North Brooklyn’s Polish Food Heritage,"Thursday, May 19, 2016"
https://www.mofad.org/calendar/chinatown-a-legacy-of-culinary-diversity,Chinatown: A Legacy of Culinary Diversity,"Wednesday, May 25, 2016"
https://www.mofad.org/calendar/a-sensory-tasting-of-single-origin-honey,A Sensory Tasting of Single-Origin Honey,"Thursday, May 26, 2016"
https://www.mofad.org/calendar/the-anatomy-of-change-journalism-and-the-food-industry,The Anatomy of Change: Journalism and the Food Industry,"Thursday, June 2, 2016"
https://www.mofad.org/calendar/arthur-avenue-small-town-charm-big-city-appetite,"Arthur Avenue: Small Town Charm, Big City Appetite","Thursday, June 9, 2016"
https://www.mofad.org/calendar/fast-food-with-andrew-f-smith,Fast Food with Andrew F. Smith,"Tuesday, June 14, 2016"
https://www.mofad.org/calendar/immigration-in-the-kitchen-a-generation-of-food-entrepreneurs,Immigration in the Kitchen: A Generation of Food Entrepreneurs,"Thursday, June 16, 2016"
https://www.mofad.org/calendar/beyond-momos-himalayan-food-in-jackson-heights,Beyond Momos: Himalayan Food in Jackson Heights,"Thursday, June 23, 2016"
https://www.mofad.org/calendar/ice-cream-battle,Ice Cream Battle!,"Thursday, July 14, 2016"
https://www.mofad.org/calendar/making-the-museum-of-food-and-drink-a-conversation-on-experiential-design,Making the Museum of Food and Drink: A Conversation on Experiential Design,"Tuesday, July 19, 2016"
https://www.mofad.org/calendar/32-yolks-a-conversation-with-eric-ripert,32 Yolks: A Conversation with Eric Ripert,"Tuesday, August 30, 2016"
https://www.mofad.org/calendar/land-of-fish-and-rice-with-fuchsia-dunlop,Land of Fish and Rice with Fuchsia Dunlop,"Monday, November 7, 2016"
https://www.mofad.org/calendar/food-city-a-personal-view,Food City: A Personal View,"Thursday, November 10, 2016"
https://www.mofad.org/calendar/the-masters-of-social-gastronomy-present-chinese-takeout,The Masters of Social Gastronomy present Chinese Takeout,"Thursday, November 17, 2016"
https://www.mofad.org/calendar/mofad-night,MOFAD @ Night,"Friday, November 18, 2016"
https://www.mofad.org/calendar/spice-up-your-life-with-lior-lev-sercarz,Spice Up Your Life with Lior Lev Sercarz,"Thursday, December 1, 2016"
https://www.mofad.org/calendar/beer-and-cheese-pairing-for-the-holidays,Beer and Cheese Pairing for the Holidays,"Thursday, December 8, 2016"
https://www.mofad.org/calendar/mofad-night-1,MOFAD @ Night,"Friday, December 9, 2016"
https://www.mofad.org/calendar/an-evening-with-michael-twitty,An Evening with Michael Twitty,"Thursday, December 15, 2016"
https://www.mofad.org/calendar/brooklyn-meets-peru-with-chef-erik-ramirez-of-llama-inn,Brooklyn meets Peru with Chef Erik Ramirez of Llama Inn,"Tuesday, January 10, 2017"
https://www.mofad.org/calendar/united-states-of-chop-suey-heather-lee-in-conversation-with-anne-mendelson,United States of Chop Suey: Heather Lee in conversation with Anne Mendelson,"Thursday, January 12, 2017"
https://www.mofad.org/calendar/mofad-night-2,MOFAD @ Night,"Friday, January 13, 2017"
https://www.mofad.org/calendar/mexican-hospitality-with-the-chefs-of-cosme,Mexican Hospitality with the Chefs of Cosme,"Thursday, January 19, 2017"
https://www.mofad.org/calendar/mofad-chinese-new-year-party-hosted-by-panda-express,"MOFAD Chinese New Year Party, Hosted by Panda Express","Wednesday, January 25, 2017"
https://www.mofad.org/calendar/my-chinatown-childrens-event-with-kam-mak,MY CHINATOWN Children's event with Kam Mak,"Saturday, January 28, 2017"
https://www.mofad.org/calendar/mofad-night-3,MOFAD @ Night,"Friday, February 3, 2017"
https://www.mofad.org/calendar/chinese-tea-tasting-with-shunan-teng,Chinese Tea Tasting with Shunan Teng,"Monday, February 13, 2017"
https://www.mofad.org/calendar/hand-pulled-noodles-of-xian,Hand Pulled Noodles of Xi'an,"Thursday, February 23, 2017"
https://www.mofad.org/calendar/global-flavors-how-curry-soy-sauce-and-sriracha-became-american,"Global Flavors: How Curry, Soy Sauce, and Sriracha Became American","Thursday, March 9, 2017"
https://www.mofad.org/calendar/mofad-night-4,MOFAD @ Night,"Friday, March 10, 2017"
https://www.mofad.org/calendar/handmade-couscous-with-einat-admony,Handmade Couscous with Einat Admony,"Thursday, March 16, 2017"
https://www.mofad.org/calendar/food-is-culture-japanese-quick-pickles-with-hiroko-shimbo,Food is Culture: Japanese Quick Pickles with Hiroko Shimbo,"Saturday, March 18, 2017"
https://www.mofad.org/calendar/shio-koji-workshop-with-hiroko-shimbo,Shio Koji Workshop with Hiroko Shimbo,"Thursday, March 23, 2017"
https://www.mofad.org/calendar/african-culinary-traditions-with-pierre-thiam,African Culinary Traditions with Pierre Thiam,"Thursday, March 30, 2017"
https://www.mofad.org/calendar/mofad-night-4-hd58y,MOFAD @ Night ,"Friday, March 31, 2017"
https://www.mofad.org/calendar/2017-spring-benefit-dinner,2017 Spring Benefit Dinner,"Thursday, April 13, 2017"
https://www.mofad.org/calendar/mezcal-and-the-taste-of-oaxaca,Mezcal and the Taste of Oaxaca,"Thursday, May 4, 2017"
https://www.mofad.org/calendar/mofad-night-5,MOFAD @ Night,"Friday, May 12, 2017"
https://www.mofad.org/calendar/my-soul-looks-back-jessica-harris-in-conversation-with-scott-barton,My Soul Looks Back: Jessica Harris In Conversation with Scott Barton,"Thursday, May 18, 2017"
https://www.mofad.org/calendar/food-is-culture-kids-kimchi-workshop,Food Is Culture: Kids Kimchi Workshop,"Saturday, May 20, 2017"
https://www.mofad.org/calendar/the-vodka-contract-rediscovering-vodka-in-the-heart-of-polish-brooklyn,The Vodka Contract: Rediscovering Vodka in the Heart of Polish Brooklyn,"Thursday, May 25, 2017"
https://www.mofad.org/calendar/discovering-taiwanese-tea,Discovering Taiwanese Tea,"Thursday, June 8, 2017"
https://www.mofad.org/calendar/spring-spirits-the-wonders-of-peruvian-pisco,Spring Spirits: The Wonders of Peruvian Pisco,"Thursday, June 22, 2017"
https://www.mofad.org/calendar/food-is-culture-kids-br-education-workshop-with-hot-bread-kitchen,Food Is Culture: Kids Br-education Workshop with Hot Bread Kitchen,"Saturday, June 24, 2017"
https://www.mofad.org/calendar/spring-spirits-rums-of-the-world,Spring Spirits: Rums of the World,"Thursday, June 29, 2017"
https://www.mofad.org/calendar/m88ypxxnhsfecn3f3zrcjtj75td6de,MOFAD @ Night,"Friday, June 30, 2017"
https://www.mofad.org/calendar/mofad-night-cancelled,MOFAD @ Night - *CANCELLED*,"Friday, July 14, 2017"
https://www.mofad.org/calendar/the-wok-in-america-with-grace-young,The Wok in America with Grace Young,"Tuesday, July 18, 2017"
https://www.mofad.org/calendar/american-food-and-immigration-policy-past-present-and-future,"American Food and Immigration Policy: Past, Present, and Future","Thursday, July 20, 2017"
https://www.mofad.org/calendar/1-minute-meal-stories-of-food-and-community-in-new-york,1 Minute Meal: Stories of Food and Community in New York,"Thursday, July 27, 2017"
https://www.mofad.org/calendar/lust-brains-and-taste,"Lust, Brains, and Taste","Thursday, August 3, 2017"
https://www.mofad.org/calendar/the-trip-to-spain-advanced-film-screening,The Trip to Spain: Advanced Film Screening,"Thursday, August 10, 2017"
https://www.mofad.org/calendar/california-vs-new-york-wine-tasting,California vs. New York Wine Tasting,"Tuesday, August 15, 2017"
https://www.mofad.org/calendar/hawaii-cuisine-beyond-pineapples-with-chef-sheldon-simeon,Hawaii Cuisine: Beyond Pineapples with Chef Sheldon Simeon,"Thursday, August 17, 2017"
https://www.mofad.org/calendar/jsnt5rl36mwaepgtakmj59dycbx8st,MOFAD @ Night,"Friday, August 18, 2017"
https://www.mofad.org/calendar/mofad-food-trivia-night-2-z2xsp,MOFAD Food Trivia Night ,"Tuesday, August 22, 2017"
https://www.mofad.org/calendar/from-sprinkles-to-sundaes-the-evolution-of-ice-cream-in-america,From Sprinkles to Sundaes: The Evolution of Ice Cream in America,"Thursday, August 31, 2017"
https://www.mofad.org/calendar/milk-and-microbes-reinventing-the-wheel-with-bronwen-and-francis-percival,Milk and Microbes: Reinventing the Wheel with Bronwen and Francis Percival,"Friday, September 8, 2017"
https://www.mofad.org/calendar/88lh3zjzp5esl5kr8x9g8yxsy2h4h4,MOFAD @ Night,"Friday, September 15, 2017"
https://www.mofad.org/calendar/mofad-food-trivia-night-2,MOFAD Food Trivia Night,"Tuesday, September 26, 2017"
https://www.mofad.org/calendar/the-art-of-flavor-with-chef-daniel-patterson-and-mandy-aftel,The Art of Flavor with Chef Daniel Patterson and Mandy Aftel,"Tuesday, October 3, 2017"
https://www.mofad.org/calendar/modernist-breadcrumbs-live-nathan-myhrvold-in-conversation-with-michael-harlan-turkell,Modernist BreadCrumbs Live: Nathan Myhrvold in Conversation with Michael Harlan Turkell,"Wednesday, October 4, 2017"
https://www.mofad.org/calendar/naturally-curious-education-and-tasting-of-natural-wines,Naturally Curious: Education and Tasting of Natural Wines,"Tuesday, October 10, 2017"
https://www.mofad.org/calendar/chilean-gastronomy-with-rodolfo-guzmn,Chilean Gastronomy with Rodolfo Guzmán,"Wednesday, October 11, 2017"
https://www.mofad.org/calendar/p2r5eebjf6azw9wkh9f8837kb42s2k,MOFAD @ Night,"Friday, October 13, 2017"
https://www.mofad.org/calendar/mofad-food-trivia-night-1,MOFAD Food Trivia Night,"Tuesday, October 17, 2017"
https://www.mofad.org/calendar/istanbul-and-beyond-with-robyn-eckhardt,Istanbul and Beyond with Robyn Eckhardt,"Wednesday, October 18, 2017"
https://www.mofad.org/calendar/chianti-classico-wine-tasting,Chianti Classico Wine Tasting,"Tuesday, October 24, 2017"
https://www.mofad.org/calendar/mofad-night-tacombi-takeover,MOFAD @ Night: Tacombi Takeover!,"Friday, November 3, 2017"
https://www.mofad.org/calendar/feasts-festivals-opening-night-da-de-los-muertos-party,Feasts & Festivals Opening Night: Día de los Muertos Party,"Monday, November 6, 2017"
https://www.mofad.org/calendar/party-in-technicolor-bollywood-kitchen,Party in Technicolor: Bollywood Kitchen,"Tuesday, November 7, 2017"
https://www.mofad.org/calendar/jim-lahey-with-ruth-reichl-sullivan-street-bakery-book-launch,Jim Lahey with Ruth Reichl: Sullivan Street Bakery Book Launch,"Wednesday, November 8, 2017"
https://www.mofad.org/calendar/mofad-food-trivia-night,MOFAD Food Trivia Night,"Tuesday, November 14, 2017"
https://www.mofad.org/calendar/mofads-big-fat-ancient-greek-feast,MOFAD's Big Fat Ancient Greek Feast,"Wednesday, November 15, 2017"
https://www.mofad.org/calendar/thanksgiving-meal-for-camba-families,Thanksgiving Meal for CAMBA Families,"Thursday, November 16, 2017"
https://www.mofad.org/calendar/thanksgiving-meal-for-the-family-center-families,Thanksgiving Meal for The Family Center Families,"Friday, November 17, 2017"
https://www.mofad.org/calendar/mofad-night-with-sweetcycle,MOFAD @ Night with Sweetcycle,"Friday, December 1, 2017"
https://www.mofad.org/calendar/desserts-of-nepal-and-lebanon-with-the-league-of-kitchens,Desserts of Nepal and Lebanon with The League of Kitchens,"Wednesday, December 6, 2017"
https://www.mofad.org/calendar/feed-the-resistance-a-conversation-with-julia-turshen-and-jessica-harris,Feed the Resistance: A Conversation with Julia Turshen and Jessica Harris,"Wednesday, December 13, 2017"
https://www.mofad.org/calendar/teas-of-asia,Teas of Asia,"Thursday, January 18, 2018"
https://www.mofad.org/calendar/burns-night-at-mofad,Burns Night at MOFAD,"Thursday, January 25, 2018"
https://www.mofad.org/calendar/mofad-night-indonesian-night-market-pasar-malam-indonesia,MOFAD @ Night: Indonesian Night Market (Pasar Malam Indonesia),"Friday, January 26, 2018"
https://www.mofad.org/calendar/dinners-of-the-past-beefsteak,Dinners of the Past: Beefsteak,"Thursday, February 1, 2018"
https://www.mofad.org/calendar/a-dumpling-tour-of-china,A Dumpling Tour of China,"Wednesday, February 7, 2018"
https://www.mofad.org/calendar/scandinavian-spirits,Scandinavian Spirits,"Thursday, February 8, 2018"
https://www.mofad.org/calendar/mofad-night-chinese-new-year-celebration,MOFAD @ Night: Chinese New Year Celebration,"Friday, February 16, 2018"
https://www.mofad.org/calendar/why-chopsticks-their-culture-history-and-sphere,"Why Chopsticks? Their Culture, History, and Sphere","Thursday, April 19, 2018"
https://www.mofad.org/calendar/baijiu-the-world-of-chinese-spirits,Baijiu: The World of Chinese Spirits,"Thursday, April 26, 2018"
https://www.mofad.org/calendar/the-language-of-flavor-in-honey,The Language of Flavor in Honey,"Thursday, May 3, 2018"
https://www.mofad.org/calendar/the-secret-science-of-agave-spirits,The Secret Science of Agave Spirits,"Thursday, May 10, 2018"
https://www.mofad.org/calendar/2018-mofad-spring-gala,2018 MOFAD Spring Gala,"Thursday, May 17, 2018"
https://www.mofad.org/calendar/night-market-afterparty-with-jarobi-white,Night Market Afterparty with Jarobi White,"Thursday, May 17, 2018"
https://www.mofad.org/calendar/ditch-the-dirt-the-rise-of-culinary-hydroponics,Ditch the Dirt: The Rise of Culinary Hydroponics,"Thursday, May 24, 2018"
https://www.mofad.org/calendar/bean-cookery-with-brooks-headley-why-cook-them-and-how,Bean Cookery with Brooks Headley: Why Cook Them and How,"Thursday, June 7, 2018"
https://www.mofad.org/calendar/dinners-of-the-past-the-spice-trade-of-the-medieval-world,Dinners of the Past: The Spice Trade of the Medieval World,"Thursday, June 14, 2018"
https://www.mofad.org/calendar/milk-a-food-fracas-with-mark-kurlansky,Milk! A Food Fracas with Mark Kurlansky,"Thursday, June 28, 2018"
https://www.mofad.org/calendar/from-palace-to-table-a-brief-history-of-the-duck-press,From Palace to Table: A Brief History of the Duck Press,"Sunday, July 1, 2018"
https://www.mofad.org/calendar/the-multitudes-of-miso-an-evening-with-bessou,The Multitudes of Miso: An Evening with Bessou,"Thursday, July 12, 2018"
https://www.mofad.org/calendar/what-came-first-a-brief-history-of-the-chinese-egg-tart,What Came First? A Brief History of the Chinese Egg Tart,"Sunday, July 15, 2018"
https://www.mofad.org/calendar/knights-of-the-raj-nyc,Knights of the Raj NYC,"Friday, July 20, 2018"
https://www.mofad.org/calendar/knights-of-the-raj-nyc-88ged,Knights of the Raj NYC ,"Saturday, July 21, 2018"
https://www.mofad.org/calendar/knights-of-the-raj-nyc-88ged-r88kz,Knights of the Raj NYC,"Sunday, July 22, 2018"
https://www.mofad.org/calendar/dinners-of-the-past-feminist-food-feminist-art-day-one,"Dinners of the Past: Feminist Food, Feminist Art (Day One)","Wednesday, July 25, 2018"
https://www.mofad.org/calendar/dinners-of-the-past-feminist-food-feminist-art-day-one-fslyr,"Dinners of the Past: Feminist Food, Feminist Art (Day Two)","Thursday, July 26, 2018"
https://www.mofad.org/calendar/knights-of-the-raj-nyc-88ged-r88kz-bexr7,Knights of the Raj NYC,"Friday, July 27, 2018"
https://www.mofad.org/calendar/knights-of-the-raj-nyc-88ged-r88kz-bexr7-pb5jc,Knights of the Raj NYC,"Saturday, July 28, 2018"
https://www.mofad.org/calendar/knights-of-the-raj-nyc-88ged-r88kz-bexr7-pb5jc-xp9g6,Knights of the Raj NYC,"Sunday, July 29, 2018"
https://www.mofad.org/calendar/proudly-inauthentic-filipino-diaspora-cooking-with-dale-talde,Proudly Inauthentic: Filipino Diaspora Cooking with Dale Talde,"Thursday, August 2, 2018"
https://www.mofad.org/calendar/knights-of-the-raj-nyc-88ged-r88kz-bexr7-pb5jc-xp9g6-8jxmh,Knights of the Raj NYC ,"Friday, August 3, 2018"
https://www.mofad.org/calendar/knights-of-the-raj-nyc-88ged-r88kz-bexr7-pb5jc-xp9g6-8jxmh-wchez,Knights of the Raj NYC,"Saturday, August 4, 2018"
https://www.mofad.org/calendar/knights-of-the-raj-nyc-88ged-r88kz-bexr7-pb5jc-xp9g6-8jxmh-wchez-97fjc,Knights of the Raj NYC ,"Sunday, August 5, 2018"
https://www.mofad.org/calendar/kids-in-the-kitchen-creative-cookie-making-with-angela-garbacz,Kids in the Kitchen: Creative Cookie Making with Angela Garbacz,"Tuesday, August 7, 2018"
https://www.mofad.org/calendar/beyond-bagels-jewish-food-and-jewish-eating-in-the-united-states,Beyond Bagels: Jewish Food and Jewish Eating in the United States,"Thursday, August 9, 2018"
https://www.mofad.org/calendar/in-the-weeds-hyperlocal-foraging-with-jaime-young-and-will-horowitz,In the Weeds: Hyperlocal Foraging with Jaime Young and Will Horowitz,"Thursday, August 16, 2018"
https://www.mofad.org/calendar/labs-lab-the-vedic-way-in-modern-day,Lab's Lab: The Vedic Way in Modern Day,"Friday, August 17, 2018"
https://www.mofad.org/calendar/dinners-of-the-past-secrets-of-the-trade-winds,Dinners of the Past: Secrets of the Trade Winds,"Wednesday, August 22, 2018"
https://www.mofad.org/calendar/dumpling-diaries-how-the-pelmeni-became-a-national-dish-of-russia,Dumpling Diaries: How the Pelmeni Became a National Dish of Russia,"Sunday, August 26, 2018"
https://www.mofad.org/calendar/seasonal-spirits-wild-and-wood-21,Seasonal Spirits: Wild and Wood (21+),"Thursday, August 30, 2018"
https://www.mofad.org/calendar/white-sauce-or-hot-sauce-an-exploration-of-nycs-halal-food-carts,White Sauce or Hot Sauce? An Exploration of NYC's Halal Food Carts,"Sunday, September 16, 2018"
https://www.mofad.org/calendar/dinners-of-the-past-shakespeares-london,Dinners of the Past: Shakespeare's London,"Thursday, September 20, 2018"
https://www.mofad.org/calendar/worth-its-salt-the-breathtaking-world-of-fish-sauce,Worth Its Salt: The Breathtaking World of Fish Sauce,"Thursday, September 27, 2018"
https://www.mofad.org/calendar/mofad-night-chinese-mid-autumn-festival-21,MOFAD @ Night: Chinese Mid-Autumn Festival (21+),"Friday, September 28, 2018"
https://www.mofad.org/calendar/regional-character-exploring-native-flora-with-marie-viljoen,Regional Character: Exploring Native Flora with Marie Viljoen,"Thursday, October 4, 2018"
https://www.mofad.org/calendar/soup-sip-with-julia-turshen-and-nik-sharma,Soup & Sip with Julia Turshen and Nik Sharma,"Wednesday, October 10, 2018"
https://www.mofad.org/calendar/celebrate-mexico-now-el-juego-de-las-transformaciones,Celebrate Mexico Now: El Juego de las Transformaciones,"Tuesday, October 16, 2018"
https://www.mofad.org/calendar/knife-wielding-girls-popular-representations-of-women-and-butchery,Knife-Wielding Girls: Popular Representations of Women and Butchery,"Sunday, October 21, 2018"
https://www.mofad.org/calendar/starting-from-scratch-back-to-the-basics-with-kate-mcdermott-and-emily-weinstein,Starting From Scratch: Back to the Basics with Kate McDermott and Emily Weinstein,"Tuesday, October 23, 2018"
https://www.mofad.org/calendar/dinners-of-the-past-from-the-presidents-table,Dinners of the Past: From the President's Table,"Thursday, October 25, 2018"
https://www.mofad.org/calendar/24-seasons-of-rice-delivering-the-japanese-countryside-to-the-world,24 Seasons of Rice: Delivering the Japanese Countryside to the World,"Tuesday, October 30, 2018"
https://www.mofad.org/calendar/polish-table-mine-yours-ours-day-one,"Polish Table: Mine, Yours, Ours (Day One)","Tuesday, November 6, 2018"
https://www.mofad.org/calendar/polish-table-mine-yours-ours-day-two,"Polish Table: Mine, Yours, Ours (Day Two)","Wednesday, November 7, 2018"
https://www.mofad.org/calendar/dinners-of-the-past-the-pride-before-the-fall,Dinners of the Past: The Pride Before the Fall,"Thursday, November 29, 2018"
https://www.mofad.org/calendar/layers-of-influence-uncovering-the-origins-of-biryani,Layers of Influence: Uncovering the Origins of Biryani,"Sunday, December 2, 2018"
https://www.mofad.org/calendar/taste-makers-a-conversation-with-paul-freedman-and-mayukh-sen,Taste Makers: A Conversation with Paul Freedman and Mayukh Sen,"Wednesday, December 12, 2018"
https://www.mofad.org/calendar/chow-x-judaism,Chow x Judaism,"Friday, December 21, 2018"
https://www.mofad.org/calendar/canceled-old-russian-new-year-a-mofad-holiday-party,(CANCELED) Old Russian New Year: A MOFAD Holiday Party,"Saturday, January 19, 2019"
https://www.mofad.org/calendar/farm-labor-to-table-a-conversation-on-agricultural-labor-and-our-food-system,Farm-Labor-to-Table: A Conversation on Agricultural Labor and Our Food System,"Thursday, January 24, 2019"
https://www.mofad.org/calendar/chow-x-mundo-latinx,Chow x Mundo Latinx,"Friday, January 25, 2019"
https://www.mofad.org/calendar/body-of-workbody-as-work-a-conversation-with-womxn-about-food-art-and-activism-as-labor,"BODY OF WORK/BODY AS WORK: A Conversation with Womxn about Food, Art, and Activism as Labor","Thursday, January 31, 2019"
https://www.mofad.org/calendar/mofad-night-the-spirit-of-peru-through-pisco-21,MOFAD @ Night: The Spirit of Peru Through Pisco (21+),"Friday, February 1, 2019"
https://www.mofad.org/calendar/zaitoun-a-conversation-with-yasmin-khan-and-kerry-diamond,ZAITOUN: A Conversation with Yasmin Khan and Kerry Diamond,"Wednesday, February 6, 2019"
https://www.mofad.org/calendar/taste-of-resilience-a-conversation-with-the-rousseau-sisters-and-julia-turshen,Taste of Resilience: A Conversation with the Rousseau Sisters and Julia Turshen,"Thursday, February 21, 2019"
https://www.mofad.org/calendar/the-geography-of-gumbo-from-one-pot-many,"The Geography of Gumbo: From One Pot, Many","Tuesday, March 5, 2019"
https://www.mofad.org/calendar/between-two-whales-how-china-and-japan-influenced-korean-cuisine,Between Two Whales: How China and Japan Influenced Korean Cuisine,"Thursday, March 21, 2019"
https://www.mofad.org/calendar/dinnerlab-nixon-in-china,DinnerLab: Nixon in China,"Thursday, April 11, 2019"
https://www.mofad.org/calendar/a-tale-of-two-cities-exploring-immigrant-foodways-in-london-and-new-york-city,A Tale of Two Cities: Exploring Immigrant Foodways in London and New York City,"Wednesday, April 17, 2019"
https://www.mofad.org/calendar/mofad-pan-african-festival-2019-in-macon-ga,"MOFAD @ Pan African Festival 2019 in Macon, GA","Saturday, April 27, 2019"
https://www.mofad.org/calendar/in-pursuit-of-flavor-celebrating-edna-lewis,In Pursuit of Flavor: Celebrating Edna Lewis,"Thursday, May 9, 2019"
https://www.mofad.org/calendar/2019-mofad-spring-gala-honoring-questlove,2019 MOFAD Spring Gala Honoring Questlove,"Wednesday, May 15, 2019"
https://www.mofad.org/calendar/not-your-grandmas-cooking-immigrant-mothers-daughters-and-authenticity,"Not Your Grandma’s Cooking: Immigrant Mothers, Daughters, and Authenticity","Thursday, May 23, 2019"
https://www.mofad.org/calendar/notes-from-a-young-black-chef-kwame-onwuachi-with-kat-kinsman,Notes from a Young Black Chef: Kwame Onwuachi with Kat Kinsman,"Thursday, May 30, 2019"
https://www.mofad.org/calendar/rediscovering-italian-with-stacy-adimando-and-katie-parla,Rediscovering Italian with Stacy Adimando and Katie Parla,"Thursday, June 13, 2019"
https://www.mofad.org/calendar/the-economics-of-being-an-immigrant-in-nycs-food-industry,The Economics of Being an Immigrant in NYC's Food Industry,"Wednesday, June 19, 2019"
https://www.mofad.org/calendar/mofad-night-grlsquash-x-this-queer-kitchen-celebrate-pride,MOFAD @ Night: GRLSQUASH x This Queer Kitchen Celebrate Pride,"Friday, June 21, 2019"
https://www.mofad.org/calendar/fresh-tofu-everyday-with-hiroko-shimbo,Fresh Tofu Everyday with Hiroko Shimbo,"Thursday, July 25, 2019"
https://www.mofad.org/calendar/the-culture-of-corn-with-oxomoco-and-tamoa,The Culture of Corn with Oxomoco and TAMOA,"Thursday, August 1, 2019"
https://www.mofad.org/calendar/a-practical-guide-to-food-writing,A Practical Guide to Food Writing,"Thursday, August 8, 2019"
https://www.mofad.org/calendar/tiki-flavor-and-phenomenon-with-shannon-mustipher,TIKI: Flavor and Phenomenon with Shannon Mustipher,"Thursday, August 15, 2019"
https://www.mofad.org/calendar/back-to-school-the-policy-and-practice-of-school-lunch,Back to School: The Policy and Practice of School Lunch,"Thursday, August 22, 2019"
https://www.mofad.org/calendar/mofad-night-jouvert-queer-visibility-in-food-and-culture,MOFAD @ Night: J'ouvert - Queer Visibility in Food and Culture,"Friday, August 23, 2019"
https://www.mofad.org/calendar/studying-food-in-public-a-conversation,Studying Food in Public: A Conversation,"Thursday, September 5, 2019"
https://www.mofad.org/calendar/dining-at-downton-a-culinary-history,Dining at Downton: A Culinary History,"Thursday, September 19, 2019"
https://www.mofad.org/calendar/dinnerlab-delmonicos-restaurant-history-remixed,DinnerLab: Delmonico's - Restaurant History Remixed,"Tuesday, September 24, 2019"
https://www.mofad.org/calendar/open-to-anything-with-ivan-orkin-and-chris-ying,Open to Anything with Ivan Orkin and Chris Ying,"Thursday, September 26, 2019"
https://www.mofad.org/calendar/body-care-on-food-self-care-and-the-wellness-industry,"Body Care: On Food, Self-Care, and the Wellness Industry","Thursday, October 3, 2019"
https://www.mofad.org/calendar/writing-the-chinese-american-restaurant-with-lillian-li-and-serena-dai,Writing the Chinese American Restaurant with Lillian Li and Serena Dai,"Thursday, October 10, 2019"
https://www.mofad.org/calendar/food-education-as-social-change,Food Education as Social Change,"Thursday, October 24, 2019"
https://www.mofad.org/calendar/a-guide-to-natural-wine-with-alice-feiring,A Guide to Natural Wine with Alice Feiring,"Wednesday, October 30, 2019"
https://www.mofad.org/calendar/defining-womens-work-in-2019,"Defining ""Women's Work"" in 2019","Thursday, November 7, 2019"
https://www.mofad.org/calendar/seed-ethics-town-hall,Seed Ethics Town Hall,"Thursday, November 14, 2019"
https://www.mofad.org/calendar/our-harlem-live-with-marcus-samuelsson,Our Harlem Live with Marcus Samuelsson,"Thursday, November 21, 2019"
https://www.mofad.org/calendar/all-about-the-fat-hanukkah-at-mofad,All About the Fat: Hanukkah at MOFAD,"Wednesday, December 11, 2019"
https://www.mofad.org/calendar/resetting-the-table-the-future-of-chinese-food-and-drink-in-america,Re:Setting the Table: The Future of Chinese Food and Drink in America,"Thursday, January 16, 2020"
https://www.mofad.org/calendar/empty-waters-the-future-of-seafood-in-america,Empty Waters: The Future of Seafood in America,"Thursday, January 23, 2020"
https://www.mofad.org/calendar/love-gone-sour-a-vinegar-valentines-dinner,Love Gone Sour: A Vinegar Valentine's Dinner,"Thursday, February 13, 2020"
https://www.mofad.org/calendar/nourishing-japan-food-education-school-lunch-in-japan,Nourishing Japan: Food Education & School Lunch in Japan,"Thursday, February 20, 2020"
https://www.mofad.org/calendar/the-art-of-spam-with-jaime-sunwoo-of-specially-processed-american-me,The Art of SPAM with Jaime Sunwoo of Specially Processed American Me,"Thursday, February 27, 2020"
https://www.mofad.org/calendar/family-reunion-chow-closing-party,FAMILY REUNION: CHOW Closing Party,"Saturday, March 7, 2020"
https://www.mofad.org/calendar/bsdt7h9j25a4dddbh3e35eemrzt2c3,PANTRY CHALLENGE on Instagram Live with Chef Eric Kwan,"Friday, March 27, 2020"
https://www.mofad.org/calendar/happy-hour-on-instagram-live-with-dave-arnold-3,Happy Hour on Instagram Live with Dave Arnold,"Tuesday, March 31, 2020"
https://www.mofad.org/calendar/9cm9amf5w34632hhna36h3pcxtlnkb,PANTRY CHALLENGE on Instagram Live with Chef Eric Kwan,"Friday, April 3, 2020"
https://www.mofad.org/calendar/pantry-challenge-on-instagram-live-with-chef-eric-kwan-5,PANTRY CHALLENGE on Instagram Live with Chef Eric Kwan,"Friday, April 10, 2020"
https://www.mofad.org/calendar/happy-hour-on-instagram-live-with-dave-arnold-2,Happy Hour on Instagram Live with Dave Arnold,"Tuesday, April 14, 2020"
https://www.mofad.org/calendar/pantry-challenge-on-instagram-live-with-chef-eric-kwan-4,PANTRY CHALLENGE on Instagram Live with Chef Eric Kwan,"Friday, April 17, 2020"
https://www.mofad.org/calendar/ugtfpy5l9tfrzcl1bm5pgqyd2fm0k2,Happy Hour on Instagram Live with Dave Arnold,"Tuesday, April 21, 2020"
https://www.mofad.org/calendar/pantry-challenge-on-instagram-live-with-chef-eric-kwan-3,PANTRY CHALLENGE on Instagram Live with Chef Eric Kwan,"Friday, April 24, 2020"
https://www.mofad.org/calendar/spirited-conversationafricanamerican-making-the-nations-table,Spirited Conversation—African/American: Making the Nation’s Table,"Friday, May 1, 2020"
https://www.mofad.org/calendar/pantry-challenge-on-instagram-live-with-chef-eric-kwan-2,PANTRY CHALLENGE on Instagram Live with Chef Eric Kwan,"Friday, May 1, 2020"
https://www.mofad.org/calendar/mofad-x-gastro-obscura-presents-recipes-for-respect,MOFAD x Gastro Obscura Presents: Recipes for Respect,"Sunday, May 3, 2020"
https://www.mofad.org/calendar/happy-hour-on-instagram-live-with-dave-arnold-1,Happy Hour on Instagram Live with Dave Arnold,"Tuesday, May 5, 2020"
https://www.mofad.org/calendar/mofad-x-gastro-obscura-presents-kitchen-remix,MOFAD x Gastro Obscura Presents: Kitchen Remix,"Sunday, May 10, 2020"
https://www.mofad.org/calendar/the-takeout-the-future-of-chinese-restaurants-in-america-can-chinatowns-survive,The Takeout: The Future of Chinese Restaurants in America: Can Chinatowns Survive?,"Wednesday, May 13, 2020"
https://www.mofad.org/calendar/pantry-challenge-on-instagram-live-with-chef-eric-kwan-1,PANTRY CHALLENGE on Instagram Live with Chef Eric Kwan,"Friday, May 15, 2020"
https://www.mofad.org/calendar/mofad-x-gastro-obscura-presents-the-beer-pantry,MOFAD x Gastro Obscura Presents: The Beer Pantry,"Sunday, May 17, 2020"
https://www.mofad.org/calendar/happy-hour-on-instagram-live-with-dave-arnold,Happy Hour on Instagram Live with Dave Arnold,"Tuesday, May 19, 2020"
https://www.mofad.org/calendar/the-takeout-how-xenophobia-shapes-food-taboos-myths-and-misconceptions,"The Takeout: How Xenophobia Shapes Food Taboos, Myths, and Misconceptions","Wednesday, May 20, 2020"
https://www.mofad.org/calendar/mofad-and-the-great-big-jewish-food-fest-presents-food-x-identity-michael-twitty-in-conversation-with-julia-turshen,MOFAD and THE GREAT BIG JEWISH FOOD FEST Presents Food X Identity: Michael Twitty in Conversation with Julia Turshen,"Thursday, May 21, 2020"
https://www.mofad.org/calendar/mofad-x-gastro-obscura-presents-israeli-pantry-staples-with-michael-solomonov-and-adeena-sussman,MOFAD x Gastro Obscura Presents: Israeli Pantry Staples with Michael Solomonov and Adeena Sussman,"Sunday, May 24, 2020"
https://www.mofad.org/calendar/pantry-challenge-on-instagram-live-with-chef-eric-kwan,PANTRY CHALLENGE on Instagram Live with Chef Eric Kwan,"Friday, May 29, 2020"
https://www.mofad.org/calendar/mofad-x-gastro-obscura-presents-koji-alchemy,MOFAD x Gastro Obscura Presents: Koji Alchemy,"Sunday, May 31, 2020"
https://www.mofad.org/calendar/mofad-and-the-africa-center-presents-virtual-museum-mile-live-with-jessica-b-harris-and-pierre-thiam,MOFAD and THE AFRICA CENTER Presents Virtual Museum Mile: Live with Jessica B. Harris and Pierre Thiam,"Tuesday, June 9, 2020"
https://www.mofad.org/calendar/the-takeout-food-media-during-covid-how-can-we-mitigate-xenophobia-without-tokenizing-aapis,The Takeout: Food Media During COVID: How Can We Mitigate Xenophobia Without Tokenizing AAPI's?,"Wednesday, June 17, 2020"
https://www.mofad.org/calendar/food-for-thought-exploring-the-experiences-of-black-refugees-in-america,Food for Thought: Exploring the Experiences of Black Refugees in America,"Thursday, June 18, 2020"
https://www.mofad.org/calendar/mofad-x-gastro-obscura-presents-my-korea-with-hooni-kim,MOFAD x Gastro Obscura Presents: My Korea with Hooni Kim,"Sunday, June 21, 2020"
https://www.mofad.org/calendar/the-takeout-food-insecurity-and-food-access-how-do-we-feed-our-most-vulnerable-aapi-populations,The Takeout: Food Insecurity and Food Access: How do we Feed our Most Vulnerable AAPI Populations?,"Wednesday, June 24, 2020"
https://www.mofad.org/calendar/mofads-harlem-rent-party,MOFAD's Harlem Rent Party,"Thursday, June 25, 2020"
https://www.mofad.org/calendar/mofad-x-gastro-obscura-presents-jewish-deli-culture-with-phil-rosenthal-and-lara-rabinovitch,MOFAD x Gastro Obscura Presents: Jewish Deli Culture with Phil Rosenthal and Lara Rabinovitch,"Sunday, June 28, 2020"
https://www.mofad.org/calendar/a-taste-of-arthur-avenue-a-cooking-class-and-tour-of-little-italy-in-the-bronx,A Taste of Arthur Avenue: A Cooking Class and Tour of Little Italy in the Bronx,"Monday, June 29, 2020"
https://www.mofad.org/calendar/cook-and-quaff-a-virtual-cooking-demo-and-beer-pairing-with-chef-coby-farrow-and-brewmaster-garrett-oliver,Cook and Quaff: A Virtual Cooking Demo and Beer Pairing with Chef Coby Farrow and Brewmaster Garrett Oliver,"Wednesday, July 8, 2020"
https://www.mofad.org/calendar/covid-and-meat-how-a-pandemic-changed-the-way-we-eat,COVID AND MEAT: How a Pandemic Changed the Way We Eat,"Thursday, July 16, 2020"
https://www.mofad.org/calendar/mosquito-supper-club-with-melissa-martin-and-lisa-donovan,Mosquito Supper Club with Melissa Martin and Lisa Donovan,"Sunday, July 19, 2020"
https://www.mofad.org/calendar/land-ownership-race-and-power-black-farming-in-america,"Land Ownership, Race, and Power: Black Farming in America","Wednesday, July 29, 2020"
https://www.mofad.org/calendar/indigenous-roots-exploring-the-crossroads-of-african-american-and-indigenous-american-cuisine,Indigenous Roots: Exploring the Crossroads of African American and Indigenous American Cuisine,"Wednesday, August 5, 2020"
https://www.mofad.org/calendar/straight-to-the-source-origins-stories-and-spices-with-sana-javeri-kadri-and-stephen-satterfield,"Straight to the Source: Origins, Stories, and Spices with Sana Javeri Kadri and Stephen Satterfield","Thursday, August 13, 2020"
https://www.mofad.org/calendar/chop-suey-supper-club-a-mixtape-on-afro-asia-and-chinese-american-cuisine,Chop Suey Supper Club: A Mixtape on Afro-Asia and “Chinese American” Cuisine,"Thursday, August 20, 2020"
https://www.mofad.org/calendar/eating-nafta-food-justice-policy-and-the-cuisine-of-mexico,"Eating NAFTA: Food Justice, Policy, and the Cuisine of Mexico","Thursday, September 17, 2020"
https://www.mofad.org/calendar/savesavor-how-our-choice-of-chocolate-impacts-biodiversity-and-social-justice,SAVE/SAVOR: How Our Choice of Chocolate Impacts Biodiversity and Social Justice,"Thursday, September 24, 2020"
https://www.mofad.org/calendar/food-for-thought-the-greene-space-x-mofad-presents-culinary-lyricism-exploring-the-relationship-between-food-and-music-in-black-and-latinx-cultures,Food for Thought | The Greene Space X MOFAD Presents Culinary Lyricism: Exploring the Relationship Between Food and Music in Black and Latinx Cultures,"Wednesday, September 30, 2020"
https://www.mofad.org/calendar/policy-on-a-plate-the-green-new-deal-and-food,Policy on a Plate: The Green New Deal and Food,"Thursday, October 8, 2020"
https://www.mofad.org/calendar/covid-and-restaurants-where-do-we-go-from-here,Covid and Restaurants: Where Do We Go From Here?,"Wednesday, October 14, 2020"
https://www.mofad.org/calendar/food-for-thought-the-greene-space-x-mofad-presents-oyster-soiree-a-deep-dive-into-the-flavors-climate-issues-and-societal-history-of-half-shells,"Food for Thought | The Greene Space X MOFAD Presents Oyster Soiree: A Deep Dive into the Flavors, Climate Issues, and Societal History of Half Shells","Tuesday, October 27, 2020"
https://www.mofad.org/calendar/fermentation-as-metaphor-with-sandor-katz-and-arielle-johnson,Fermentation as Metaphor with Sandor Katz and Arielle Johnson,"Wednesday, October 28, 2020"
https://www.mofad.org/calendar/the-rise-a-conversation-about-black-women-food-and-legacy-with-marcus-samuelsson-osayi-endolyn-and-therese-nelson,"The Rise: A Conversation about Black Women, Food, and Legacy with Marcus Samuelsson, Osayi Endolyn, and Therese Nelson","Tuesday, November 10, 2020"
https://www.mofad.org/calendar/a-taste-of-barcelona-a-virtual-tour-and-tasting-with-culinary-backstreets,A Taste of Barcelona: A Virtual Tour and Tasting with Culinary Backstreets,"Thursday, November 12, 2020"
https://www.mofad.org/calendar/beyond-the-plate-the-best-american-food-writing-2020,BEYOND THE PLATE: THE BEST AMERICAN FOOD WRITING 2020,"Wednesday, November 18, 2020"
https://www.mofad.org/calendar/harvesting-flavor-how-your-favorite-spices-travel-from-farm-to-table,Harvesting Flavor: How Your Favorite Spices Travel from Farm to Table,"Thursday, November 19, 2020"
https://www.mofad.org/calendar/food-for-thought-the-greene-space-x-mofad-presents-reclamation-feast,Food for Thought | The Greene Space X MOFAD Presents Reclamation Feast,"Monday, November 23, 2020"
https://www.mofad.org/calendar/gather-the-fight-to-revitalize-our-native-foodways-a-film-screening-and-conversation,GATHER: The Fight to Revitalize our Native Foodways: A film screening and conversation,"Tuesday, November 24, 2020"
https://www.mofad.org/calendar/nose-dive-a-scent-ual-conversation-and-smell-along-with-harold-mcgee,Nose Dive: A Scent-ual Conversation and Smell-Along with Harold McGee,"Wednesday, December 2, 2020"
https://www.mofad.org/calendar/sufganiyot-and-churros-a-sweet-mexican-hanukkah-with-fany-gerson,Sufganiyot and Churros: A Sweet Mexican Hanukkah with Fany Gerson,"Wednesday, December 9, 2020"
https://www.mofad.org/calendar/food-for-thought-the-greene-space-x-mofad-presents-noche-buena-a-filipinx-holiday-cooking-demo-and-conversation,Food for Thought | The Greene Space X MOFAD Presents Noche Buena: A Filipinx Holiday Cooking Demo and Conversation,"Wednesday, December 16, 2020"
https://www.mofad.org/calendar/jews-and-chinese-food-a-christmas-love-story,Jews and Chinese Food: A Christmas Love Story,"Monday, December 21, 2020"
https://www.mofad.org/calendar/ikat-rasa-weaving-indonesian-flavors-and-traditions-outside-the-motherland,Ikat Rasa: Weaving Indonesian Flavors and Traditions Outside the Motherland,"Thursday, January 7, 2021"
https://www.mofad.org/calendar/the-emoji-story-a-film-screening-and-conversation-about-food-and-representation,The Emoji Story: A Film Screening and Conversation About Food and Representation,"Tuesday, January 12, 2021"
https://www.mofad.org/calendar/a-taste-of-naples-a-virtual-tour-and-tasting-with-culinary-backstreets,A Taste of Naples: A Virtual Tour and Tasting with Culinary Backstreets,"Thursday, January 14, 2021"
https://www.mofad.org/calendar/food-for-thought-the-greene-space-x-mofad-presents-first-pressed-an-olive-oil-exploration,Food for Thought | The Greene Space X MOFAD Presents First Pressed: An Olive Oil Exploration,"Monday, January 25, 2021"
https://www.mofad.org/calendar/chai-masala-exploring-traditions-of-family-spice-blends,Chai Masala: Exploring Traditions of Family Spice Blends,"Thursday, January 28, 2021"
https://www.mofad.org/calendar/migration-stories-sustaining-gullah-geechee-cooking-across-land-and-sea,Migration Stories: Sustaining Gullah Geechee Cooking across Land and Sea,"Wednesday, February 3, 2021"
https://www.mofad.org/calendar/black-smoke-the-history-of-african-american-barbecue,BLACK SMOKE: The History of African American Barbecue,"Wednesday, February 10, 2021"
https://www.mofad.org/calendar/growing-rice-a-migration-story-from-seed-to-plate,GROWING RICE: A Migration Story from Seed to Plate,"Tuesday, February 16, 2021"
https://www.mofad.org/calendar/food-for-thought-the-greene-space-x-mofad-presents-uncle-nearest-untold-stories-behind-the-whiskey-still,Food for Thought | The Greene Space X MOFAD Presents Uncle Nearest: Untold Stories Behind the Whiskey Still,"Wednesday, February 17, 2021"
https://www.mofad.org/calendar/coastal-roots-tracing-the-ancestral-history-of-farming-and-cooking-in-georgia,Coastal Roots: Tracing the Ancestral History of Farming and Cooking in Georgia,"Tuesday, February 23, 2021"
https://www.mofad.org/calendar/the-legacy-of-food-activism-a-storytelling-event,The Legacy of Food Activism: A Storytelling Event,"Thursday, February 25, 2021"
https://www.mofad.org/calendar/can-i-eat-that-a-monthly-storytime-with-joshua-david-stein-1,Can I Eat That? A Monthly Storytime with Joshua David Stein,"Saturday, March 6, 2021"
https://www.mofad.org/calendar/food-for-thought-the-greene-space-x-mofad-presents-miso-shoyu-and-samuraithe-cuisine-and-culture-of-aichi-prefecture,"Food for Thought | The Greene Space X MOFAD Presents Miso, Shoyu and Samurai:The Cuisine and Culture of Aichi Prefecture","Wednesday, March 10, 2021"
https://www.mofad.org/calendar/a-taste-of-marseille-a-virtual-tour-and-tasting-with-culinary-backstreets,A Taste of Marseille: A Virtual Tour and Tasting with Culinary Backstreets,"Tuesday, March 16, 2021"
https://www.mofad.org/calendar/green-herbs-and-noodle-soup-celebrating-iranian-new-year-with-louisa-shafia,Green Herbs and Noodle Soup: Celebrating Iranian New Year with Louisa Shafia,"Thursday, March 18, 2021"
https://www.mofad.org/calendar/the-kitchen-without-borders-recipes-and-stories-from-eat-offbeats-refugee-and-immigrant-chefs,The Kitchen Without Borders: Recipes and Stories from Eat Offbeat's Refugee and Immigrant Chefs,"Thursday, April 1, 2021"
https://www.mofad.org/calendar/food-for-thought-the-greene-space-x-mofad-presents-caribbean-chinese-fried-rice-an-afro-asian-diaspora-stor,Food for Thought | The Greene Space X MOFAD Presents: Caribbean Chinese Fried Rice: An Afro-Asian Diaspora Stor,"Thursday, April 8, 2021"
https://www.mofad.org/calendar/global-brooklyn-how-a-restaurant-aesthetic-became-a-global-phenomenon,GLOBAL BROOKLYN: How a Restaurant Aesthetic Became a Global Phenomenon,"Monday, April 12, 2021"
https://www.mofad.org/calendar/can-i-eat-that-a-monthly-storytime-with-joshua-david-stein,Can I Eat That? A Monthly Storytime with Joshua David Stein ,"Saturday, April 17, 2021"
https://www.mofad.org/calendar/seed-stories-indigenous-seed-saving-sovereignty-and-stewardship,"SEED STORIES: Indigenous Seed Saving, Sovereignty, and Stewardship","Thursday, April 22, 2021"
https://www.mofad.org/calendar/the-arabesque-table-tracing-the-history-of-arab-cuisine-with-reem-kassis-and-julia-turshen,The Arabesque Table: Tracing the History of Arab Cuisine with Reem Kassis and Julia Turshen,"Tuesday, April 27, 2021"
https://www.mofad.org/calendar/world-travel-revisiting-anthony-bourdains-favorite-places-with-laurie-woolever-and-helen-rosner,World Travel: Revisiting Anthony Bourdain's Favorite Places with Laurie Woolever and Helen Rosner,"Thursday, April 29, 2021"
https://www.mofad.org/calendar/a-taste-of-mexico-city-a-virtual-tour-and-tasting-with-culinary-backstreets,A Taste of Mexico City: A Virtual Tour and Tasting with Culinary Backstreets,"Wednesday, May 5, 2021"
https://www.mofad.org/calendar/mister-jius-in-chinatown-recipes-and-stories-from-the-birthplace-of-chinese-american-food,Mister Jiu's in Chinatown: Recipes and Stories from the Birthplace of Chinese American Food,"Monday, May 10, 2021"
https://www.mofad.org/calendar/from-root-to-bloom-pleasure-and-healing-in-a-glass,From Root to Bloom: Pleasure and Healing in a Glass,"Wednesday, May 12, 2021"
https://www.mofad.org/calendar/pinches-dashes-drizzles-the-origins-of-gullah-geechee-cuisine-with-matthew-raiford-and-carla-hall,"Pinches, Dashes & Drizzles: The Origins of Gullah Geechee Cuisine with Matthew Raiford and Carla Hall","Wednesday, May 19, 2021"
https://www.mofad.org/calendar/food-for-thought-the-greene-space-x-mofad-presents-albanian-gastronomy-from-identity-dilemma-to-rural-renaissance,Food for Thought | The Greene Space X MOFAD Presents Albanian Gastronomy: From Identity Dilemma to Rural Renaissance,"Thursday, May 27, 2021"
https://www.mofad.org/calendar/a-taste-of-lisbon-a-virtual-tour-and-tasting-with-culinary-backstreets,A Taste of Lisbon: A Virtual Tour and Tasting with Culinary Backstreets,"Wednesday, June 2, 2021"
https://www.mofad.org/calendar/mofad-x-queer-food-foundation-presents-food-queer-bodies,MOFAD X Queer Food Foundation Presents: Food + Queer Bodies,"Wednesday, June 9, 2021"
https://www.mofad.org/calendar/mofad-x-queer-food-foundation-presents-tales-from-our-table-a-virtual-cocktail-party,MOFAD X Queer Food Foundation Presents: Tales From Our Table: A Virtual Cocktail Party,"Wednesday, June 16, 2021"
https://www.mofad.org/calendar/juneteenth-celebrating-the-legacy-and-culinary-traditions-of-black-texans,Juneteenth: Celebrating the Legacy and Culinary Traditions of Black Texans,"Thursday, June 17, 2021"
https://www.mofad.org/calendar/69hcow751la1piy1lrayxsf5kd0mml,MOFAD X Queer Food Foundation Presents: Writing While Queer: A Queer Food Writing Workshop,"Wednesday, June 23, 2021"
https://www.mofad.org/calendar/rgkyrs6qblc6c7e7bv05hfjh95k6g8,It's Puerto Rican Because I Made It: Diasporic Representation and Recognition in Modern Recipes and Stories,"Wednesday, June 30, 2021"
https://www.mofad.org/calendar/qzw4ewr2dud917c6a4s094176kzvnp,What's Good? The Quest for Sustainability with Peter Hoffman and Amanda Cohen,"Tuesday, July 13, 2021"
https://www.mofad.org/calendar/event-two-e8hn6,Sip and Celebrate: The History of Mexican Independence Day with Tequila Casa Dragones,"Monday, September 13, 2021"
https://www.mofad.org/calendar/event-one-5zarj,Technically Food: How Labs are Changing What We Eat,"Tuesday, September 21, 2021"
https://www.mofad.org/calendar/event-four-5zp64,MOFAD x Demo Kitchen by Ace Hotel Brooklyn present Soul Nourishment with Junior Mintt,"Wednesday, September 29, 2021"
https://www.mofad.org/calendar/10072021/gastroobscura,A Food Adventurer's Guide to the World with Gastro Obscura,"Thursday, October 7, 2021"
https://www.mofad.org/calendar/event-five-2c97l,Storytime with Joshua David Stein and Kalamata's Kitchen at Demo Kitchen by Ace Hotel Brooklyn,"Saturday, October 9, 2021"
https://www.mofad.org/calendar/diwali-in-the-diaspora-tasting-the-sweetness-of-indian-new-year,Diwali in the Diaspora: Tasting the Sweetness of Indian New Year,"Monday, October 18, 2021"
https://www.mofad.org/calendar/event-four-5zp64-wslfb-f33jk-t46ew,MOFAD x Demo Kitchen by Ace Hotel Brooklyn present Coast to Coast with Ozoz Sokoh,"Thursday, October 21, 2021"
https://www.mofad.org/calendar/chinesebakingandcommunity,MOFAD X Essex Market Presents: Chinese Baking and Community,"Wednesday, October 27, 2021"
https://www.mofad.org/calendar/taste-makers-with-mayukh-sen-honoring-the-culinary-brilliance-of-overlooked-immigrant-women,Taste Makers with Mayukh Sen and Julie Sahni: Honoring the Culinary Brilliance of Immigrant Women,"Thursday, November 4, 2021"
https://www.mofad.org/calendar/11092021/alittlepieceofhome,A Little Piece of Home: Breaking Bread Beyond Borders,"Tuesday, November 9, 2021"
https://www.mofad.org/calendar/https/wwwmofadorg/calendar/11182021/bubblesandbivalves,MOFAD x Demo Kitchen by Ace Hotel Brooklyn present Bubbles and Bivalves: An Evening of Oyster Tasting and History with Ben Harney,"Thursday, November 18, 2021"
https://www.mofad.org/calendar/fermentation-journeys-with-sandor-katz-and-ann-yonetani,Fermentation Journeys with Sandor Katz and Ann Yonetani,"Monday, November 22, 2021"
https://www.mofad.org/calendar/12012021/beneappetit,Bene Appetit: The Culinary Traditions of the Bene Indian Jews,"Wednesday, December 1, 2021"
https://www.mofad.org/calendar/kolachitokarachi,MOFAD X Essex Market Presents: Kolachi to Karachi: The Role of Women in Regional Pakistani Cuisine,"Wednesday, December 8, 2021"
https://www.mofad.org/calendar/12132021/holidaybakingdacha46,Eastern European Holiday Baking Class with Dacha 46,"Monday, December 13, 2021"
https://www.mofad.org/calendar/1216/gageandtollner,MOFAD x Demo Kitchen by Ace Hotel Brooklyn present Changing Flavors Over Time: The History of Brooklyn Foodways with Gage & Tollner,"Thursday, December 16, 2021"
https://www.mofad.org/calendar/010522/decolonozingthefoodindustry,Decolonizing the Food Industry with Zoe Adjonyoh & Pierre Thiam,"Wednesday, January 5, 2022"
https://www.mofad.org/calendar/https/wwwmofadorg/calendar/0315222/foodispower-2b5dp,Food is Power: Feeding Movements of Black Resistance Then and Now ,"Tuesday, March 15, 2022"
https://www.mofad.org/calendar/https/wwwmofadorg/calendar/0215022/highonthehog,High on the Hog (African American Food is American Food),"Tuesday, March 22, 2022"
https://www.mofad.org/calendar/04012022/thehistoryofindianfood,The History of Indian Food and its Role in Defining its Future,"Friday, April 1, 2022"
https://www.mofad.org/calendar/04212022/sakestories,MOFAD x Ace Hotel Brooklyn present Sake Stories: Tastes and Lessons from Brooklyn to Japan,"Thursday, April 21, 2022"
https://www.mofad.org/calendar/https/wwwmofadorg/calendar/04272022/africanandamerican,"Forced Migration, Food, and Identity: What it Means to be African and American","Wednesday, April 27, 2022"
https://www.mofad.org/calendar/https/wwwmofadorg/calendar/022222/jameshemings,James Hemings and the Birth of American Haute Cuisine,"Tuesday, May 3, 2022"
https://www.mofad.org/calendar/051322/ukraineandtheglobalfoodsupply,The World’s Bread Basket: How the War in Ukraine Impacts the Global Food System,"Friday, May 13, 2022"
https://www.mofad.org/calendar/https/wwwmofadorg/calendar/05172022/culinarylyricism,Culinary Lyricism: Exploring the Intersection of Food and Music in Black Community and Culture,"Tuesday, May 17, 2022"
https://www.mofad.org/calendar/05232022/koreanamerican,MOFAD x Ace Hotel Brooklyn present Shooting and Styling a Korean American Cookbook,"Monday, May 23, 2022"
https://www.mofad.org/calendar/https/wwwmofadorg/calendar/05252022/myamerica,My America with Kwame Onwuachi and Marcus Samuelsson,"Wednesday, May 25, 2022"
https://www.mofad.org/calendar/https/wwwmofadorg/calendar/053122/chefsandfarmers,"Communal Hands: The Relationship Between Black Cooks, Caterers, and Farmers","Tuesday, May 31, 2022"
https://www.mofad.org/calendar/https/wwwmofadorg/calendar/061522/juneteenth,Watermelon and Red Birds: Celebrating Juneteenth with Nicole Taylor and Osayi Endolyn,"Tuesday, June 7, 2022"
https://www.mofad.org/calendar/https/wwwmofadorg/calendar/061722/ajuneteenthcelebration,A Juneteenth Celebration,"Friday, June 17, 2022"
https://www.mofad.org/calendar/https/wwwmofadorg/calendar/062322/breadandcapitalism,Bread and the Contours of Capitalism with Tunde Wey and Uzodinma Iweala,"Thursday, June 23, 2022"
https://www.mofad.org/calendar/a-stitch-in-time-the-making-of-the-legacy-quilt,A Stitch in Time: The Making of the Legacy Quilt,"Sunday, July 10, 2022"
https://www.mofad.org/calendar/071322/immigrantjourneys,"Immigrant Journeys Through Food: How Food Travels, Morphs and Transforms through Immigration, Migration and Indenture","Wednesday, July 13, 2022"
https://www.mofad.org/calendar/storytimewithjds,Storytime with Joshua David Stein and Kalamata’s Kitchen,"Saturday, July 16, 2022"
https://www.mofad.org/calendar/https/wwwmofadorg/calendar/071122/bagels,Down the Bagel Hole: Celebrating Jewish Breadways with MOFAD and The Neighborhood,"Monday, July 18, 2022"
https://www.mofad.org/calendar/07282022/arabiyya,MOFAD x Ace Hotel Brooklyn present The Arab Table with Reem Assil and Helen Rosner,"Thursday, July 28, 2022"
https://www.mofad.org/calendar/https/wwwmofadorg/calendar/08022022/gastronativism,"Gastronativism: Food and Politics with Marion Nestle, Fabio Parasecoli, and Krishnendu Ray","Tuesday, August 2, 2022"
https://www.mofad.org/calendar/0914/iamfromhere,I AM FROM HERE with Vishwesh Bhatt and Chintan Pandya,"Wednesday, September 14, 2022"
https://www.mofad.org/calendar/https/wwwmofadorg/calendar/09222022/nycfoodhistory,New York’s Historical Foodways,"Thursday, September 22, 2022"
https://www.mofad.org/calendar/09242022/neurodivergentpickles,Neurodivergent Pickling,"Saturday, September 24, 2022"
https://www.mofad.org/calendar/09252022/pommequeen,Odd Apples: A Botanical and Cultural History + Rare Fruit & Tasting,"Sunday, September 25, 2022"
https://www.mofad.org/calendar/10062022/slowcooked,Slow Cooked: An Evening with Marion Nestle ,"Thursday, October 6, 2022"
https://www.mofad.org/calendar/10122022/themiracleofsalt,The Miracle of Salt with Naomi Duguid and Bettina Makalintal,"Wednesday, October 12, 2022"
https://www.mofad.org/calendar/10172022/masienda,From Masa to Mesa with Jorge Gaviria and Alicia Kennedy,"Monday, October 17, 2022"
https://www.mofad.org/calendar/10262022/sundaybest,"Sunday Best: Cuisine, Clothing, and Family Bonds","Wednesday, October 26, 2022"
https://www.mofad.org/calendar/11032022/diasporican,It’s Not a Puerto Rican Cookbook with Illyanna Maisonet and Eric Kim,"Thursday, November 3, 2022"
https://www.mofad.org/calendar/11082022/bittersweet,Bittersweet: The Dark Side of the Chocolate Industry,"Tuesday, November 8, 2022"
https://www.mofad.org/calendar/12152022/interconnectednessoffungi-9m99z-efs99,Fruiting Bodies: The Interconnectedness of Fungi ,"Tuesday, November 15, 2022"
https://www.mofad.org/calendar/https/wwwmofadorg/calendar/11172022/halal,Halal and the City,"Thursday, November 17, 2022"
https://www.mofad.org/calendar/12012022/wildcraftedvinegars,Wildcrafted Vinegars with Pascal Baudar and Soirée-Leone,"Thursday, December 1, 2022"
https://www.mofad.org/calendar/https/calendar12052022/vinotalk,Vino Talk: Our Favorite Italian Wines From Native Grapes with Joe Campanale and Joshua David Stein,"Monday, December 5, 2022"
https://www.mofad.org/calendar/12122022/redesigningtheurbanfoodchain,Using Fungi to Re-Design the Urban Food Chain with William Padilla-Brown,"Monday, December 12, 2022"
https://www.mofad.org/calendar/12142022/motherland,MOTHERLAND: Jamaican Diaspora Foodways in the US and Britain with Melissa Thompson and Jessica Harris,"Wednesday, December 14, 2022"
https://www.mofad.org/calendar/12152022/reclaimingasianhistoryandcultureofmushrooms,Fruiting Bodies: Reclaiming the Asian History and Culture of Mushrooms,"Thursday, December 15, 2022"
https://www.mofad.org/calendar/01192023/colonizationandfirstfoods,Fruiting Bodies: Colonization and First Foods ,"Thursday, January 19, 2023"
https://www.mofad.org/calendar/https/wwwmofadorg/calendar/02092023/ricestories,Rice Stories,"Thursday, February 9, 2023"
https://www.mofad.org/calendar/021520232/foodandfashion,Food Culture through the Lens of Fashion,"Wednesday, February 15, 2023"
